,Fund Name,P1,P2,P3,P4,P5,Topsis Score,Rank
0,M1,0.82,0.67,3.8,37.2,10.62,0.40349006573128654,8
1,M2,0.86,0.74,6.8,66.1,18.63,0.493230561162537,3
2,M3,0.62,0.38,4.8,49.4,13.8,0.5311860356724863,2
3,M4,0.82,0.67,4.9,48.4,13.7,0.4195832468161414,7
4,M5,0.64,0.41,6.7,32.8,10.14,0.6076591519647734,1
5,M6,0.77,0.59,5.6,57.5,16.12,0.48901752947341726,4
6,M7,0.69,0.48,4.5,61.4,16.77,0.46377538702927695,5
7,M8,0.74,0.55,4.1,40.3,11.42,0.44088229546948515,6
