,Fund Name,P1,P2,P3,P4,P5,Topsis Score,Rank
0,M1,0.82,0.67,3.8,37.2,10.62,0.6236507581395274,1
1,M2,0.86,0.74,6.8,66.1,18.63,0.43792696555643784,8
2,M3,0.62,0.38,4.8,49.4,13.8,0.5174653529239631,4
3,M4,0.82,0.67,4.9,48.4,13.7,0.5695745536585596,3
4,M5,0.64,0.41,6.7,32.8,10.14,0.4658730687166519,7
5,M6,0.77,0.59,5.6,57.5,16.12,0.4739085037859833,6
6,M7,0.69,0.48,4.5,61.4,16.77,0.516383636732225,5
7,M8,0.74,0.55,4.1,40.3,11.42,0.6046222355331288,2
